host,metric,attributable_point,attributable_ci_lower,attributable_ci_upper,n_pairs
mem0,false_rescue_rate,0.015625,0.0075,0.024375,200
mem0,rescue_recall,0.0525,0.04185937500000002,0.064375,200
mem0,retention_lift,0.036875,0.02375,0.05,200
mem0,false_rescue_rate__1_hour,0.0175,0.0025,0.035,200
mem0,false_rescue_rate__1_day,0.0125,-0.005,0.03,200
mem0,false_rescue_rate__1_week,0.0175,0.005,0.035,200
mem0,false_rescue_rate__1_month,0.015,0.005,0.0275,200
mem0,rescue_recall__1_hour,0.1575,0.125,0.1925,200
mem0,rescue_recall__1_day,0.0225,0.005,0.04,200
mem0,rescue_recall__1_week,0.01,-0.005,0.025,200
mem0,rescue_recall__1_month,0.02,0.0075,0.035,200
vector_store,false_rescue_rate,0.0,0.0,0.0,200
vector_store,rescue_recall,0.0,0.0,0.0,200
vector_store,retention_lift,0.0,0.0,0.0,200
vector_store,false_rescue_rate__1_hour,0.0,0.0,0.0,200
vector_store,false_rescue_rate__1_day,0.0,0.0,0.0,200
vector_store,false_rescue_rate__1_week,0.0,0.0,0.0,200
vector_store,false_rescue_rate__1_month,0.0,0.0,0.0,200
vector_store,rescue_recall__1_hour,0.0,0.0,0.0,200
vector_store,rescue_recall__1_day,0.0,0.0,0.0,200
vector_store,rescue_recall__1_week,0.0,0.0,0.0,200
vector_store,rescue_recall__1_month,0.0,0.0,0.0,200
