host,method,use_hindsighttag,seed,T_tag,W_capture,theta_capture,theta_rescue,omega_assoc,E_window,theta_link,delta_rescue,retention_threshold,rescue_recall,false_rescue_rate,retention_lift,coallocation_recall_at_k,heterosynaptic_recall,n_rescued_precursor,n_false_rescue,n_coalloc,mem0_library_available,conversation,config_id
mem0,mem0,False,0,21600.0,3024000.0,0.7,0.1,0.0,14400.0,0.1,1.0,0.35,0.0,0.0,0.0,,0.0,8,8,0,True,conv-26,baseline
mem0,mem0+HindsightTag,True,0,21600.0,3024000.0,0.7,0.1,0.0,14400.0,0.1,1.0,0.35,0.25,0.0,0.25,1.0,0.375,8,8,4,True,conv-26,ablation_0
mem0,mem0+HindsightTag,True,0,21600.0,3024000.0,0.7,0.1,0.25,14400.0,0.1,1.0,0.35,0.25,0.0,0.25,1.0,0.375,8,8,4,True,conv-26,ablation_1
mem0,mem0+HindsightTag,True,0,21600.0,3024000.0,0.7,0.1,0.5,14400.0,0.1,1.0,0.35,0.25,0.0,0.25,1.0,0.375,8,8,4,True,conv-26,ablation_2
mem0,mem0+HindsightTag,True,0,21600.0,3024000.0,0.7,0.1,0.75,14400.0,0.1,1.0,0.35,0.25,0.0,0.25,1.0,0.375,8,8,4,True,conv-26,ablation_3
mem0,mem0+HindsightTag,True,0,21600.0,3024000.0,0.7,0.1,1.0,14400.0,0.1,1.0,0.35,0.25,0.0,0.25,1.0,0.375,8,8,4,True,conv-26,ablation_4
vector_store,vector_store,False,0,21600.0,3024000.0,0.7,0.1,0.0,14400.0,0.1,1.0,0.35,0.75,0.625,0.125,,0.875,8,8,0,,conv-26,baseline
vector_store,vector_store+HindsightTag,True,0,21600.0,3024000.0,0.7,0.1,0.0,14400.0,0.1,1.0,0.35,0.75,0.625,0.125,1.0,0.875,8,8,4,,conv-26,ablation_0
vector_store,vector_store+HindsightTag,True,0,21600.0,3024000.0,0.7,0.1,0.25,14400.0,0.1,1.0,0.35,0.75,0.625,0.125,1.0,0.875,8,8,4,,conv-26,ablation_1
vector_store,vector_store+HindsightTag,True,0,21600.0,3024000.0,0.7,0.1,0.5,14400.0,0.1,1.0,0.35,0.75,0.625,0.125,1.0,0.875,8,8,4,,conv-26,ablation_2
vector_store,vector_store+HindsightTag,True,0,21600.0,3024000.0,0.7,0.1,0.75,14400.0,0.1,1.0,0.35,0.75,0.625,0.125,1.0,0.875,8,8,4,,conv-26,ablation_3
vector_store,vector_store+HindsightTag,True,0,21600.0,3024000.0,0.7,0.1,1.0,14400.0,0.1,1.0,0.35,0.75,0.625,0.125,1.0,0.875,8,8,4,,conv-26,ablation_4
mem0,mem0,False,1,21600.0,3024000.0,0.7,0.1,0.0,14400.0,0.1,1.0,0.35,0.0,0.0,0.0,,0.0,8,8,0,True,conv-26,baseline
mem0,mem0+HindsightTag,True,1,21600.0,3024000.0,0.7,0.1,0.0,14400.0,0.1,1.0,0.35,0.25,0.0,0.25,1.0,0.25,8,8,4,True,conv-26,ablation_0
mem0,mem0+HindsightTag,True,1,21600.0,3024000.0,0.7,0.1,0.25,14400.0,0.1,1.0,0.35,0.25,0.0,0.25,1.0,0.25,8,8,4,True,conv-26,ablation_1
mem0,mem0+HindsightTag,True,1,21600.0,3024000.0,0.7,0.1,0.5,14400.0,0.1,1.0,0.35,0.25,0.0,0.25,1.0,0.25,8,8,4,True,conv-26,ablation_2
mem0,mem0+HindsightTag,True,1,21600.0,3024000.0,0.7,0.1,0.75,14400.0,0.1,1.0,0.35,0.25,0.0,0.25,1.0,0.25,8,8,4,True,conv-26,ablation_3
mem0,mem0+HindsightTag,True,1,21600.0,3024000.0,0.7,0.1,1.0,14400.0,0.1,1.0,0.35,0.25,0.0,0.25,1.0,0.25,8,8,4,True,conv-26,ablation_4
vector_store,vector_store,False,1,21600.0,3024000.0,0.7,0.1,0.0,14400.0,0.1,1.0,0.35,0.75,1.0,-0.25,,0.625,8,8,0,,conv-26,baseline
vector_store,vector_store+HindsightTag,True,1,21600.0,3024000.0,0.7,0.1,0.0,14400.0,0.1,1.0,0.35,0.75,1.0,-0.25,1.0,0.625,8,8,4,,conv-26,ablation_0
vector_store,vector_store+HindsightTag,True,1,21600.0,3024000.0,0.7,0.1,0.25,14400.0,0.1,1.0,0.35,0.75,1.0,-0.25,1.0,0.625,8,8,4,,conv-26,ablation_1
vector_store,vector_store+HindsightTag,True,1,21600.0,3024000.0,0.7,0.1,0.5,14400.0,0.1,1.0,0.35,0.75,1.0,-0.25,1.0,0.625,8,8,4,,conv-26,ablation_2
vector_store,vector_store+HindsightTag,True,1,21600.0,3024000.0,0.7,0.1,0.75,14400.0,0.1,1.0,0.35,0.75,1.0,-0.25,1.0,0.625,8,8,4,,conv-26,ablation_3
vector_store,vector_store+HindsightTag,True,1,21600.0,3024000.0,0.7,0.1,1.0,14400.0,0.1,1.0,0.35,0.75,1.0,-0.25,1.0,0.625,8,8,4,,conv-26,ablation_4
mem0,mem0,False,2,21600.0,3024000.0,0.7,0.1,0.0,14400.0,0.1,1.0,0.35,0.0,0.0,0.0,,0.0,8,8,0,True,conv-26,baseline
mem0,mem0+HindsightTag,True,2,21600.0,3024000.0,0.7,0.1,0.0,14400.0,0.1,1.0,0.35,0.125,0.0,0.125,1.0,0.25,8,8,4,True,conv-26,ablation_0
mem0,mem0+HindsightTag,True,2,21600.0,3024000.0,0.7,0.1,0.25,14400.0,0.1,1.0,0.35,0.125,0.0,0.125,1.0,0.125,8,8,4,True,conv-26,ablation_1
mem0,mem0+HindsightTag,True,2,21600.0,3024000.0,0.7,0.1,0.5,14400.0,0.1,1.0,0.35,0.125,0.0,0.125,1.0,0.125,8,8,4,True,conv-26,ablation_2
mem0,mem0+HindsightTag,True,2,21600.0,3024000.0,0.7,0.1,0.75,14400.0,0.1,1.0,0.35,0.125,0.0,0.125,1.0,0.125,8,8,4,True,conv-26,ablation_3
mem0,mem0+HindsightTag,True,2,21600.0,3024000.0,0.7,0.1,1.0,14400.0,0.1,1.0,0.35,0.125,0.0,0.125,1.0,0.125,8,8,4,True,conv-26,ablation_4
vector_store,vector_store,False,2,21600.0,3024000.0,0.7,0.1,0.0,14400.0,0.1,1.0,0.35,0.75,0.625,0.125,,0.75,8,8,0,,conv-26,baseline
vector_store,vector_store+HindsightTag,True,2,21600.0,3024000.0,0.7,0.1,0.0,14400.0,0.1,1.0,0.35,0.75,0.625,0.125,1.0,0.75,8,8,4,,conv-26,ablation_0
vector_store,vector_store+HindsightTag,True,2,21600.0,3024000.0,0.7,0.1,0.25,14400.0,0.1,1.0,0.35,0.75,0.625,0.125,1.0,0.75,8,8,4,,conv-26,ablation_1
vector_store,vector_store+HindsightTag,True,2,21600.0,3024000.0,0.7,0.1,0.5,14400.0,0.1,1.0,0.35,0.75,0.625,0.125,1.0,0.75,8,8,4,,conv-26,ablation_2
vector_store,vector_store+HindsightTag,True,2,21600.0,3024000.0,0.7,0.1,0.75,14400.0,0.1,1.0,0.35,0.75,0.625,0.125,1.0,0.75,8,8,4,,conv-26,ablation_3
vector_store,vector_store+HindsightTag,True,2,21600.0,3024000.0,0.7,0.1,1.0,14400.0,0.1,1.0,0.35,0.75,0.625,0.125,1.0,0.75,8,8,4,,conv-26,ablation_4
mem0,mem0,False,3,21600.0,3024000.0,0.7,0.1,0.0,14400.0,0.1,1.0,0.35,0.0,0.0,0.0,,0.0,8,8,0,True,conv-26,baseline
mem0,mem0+HindsightTag,True,3,21600.0,3024000.0,0.7,0.1,0.0,14400.0,0.1,1.0,0.35,0.25,0.0,0.25,1.0,0.25,8,8,4,True,conv-26,ablation_0
mem0,mem0+HindsightTag,True,3,21600.0,3024000.0,0.7,0.1,0.25,14400.0,0.1,1.0,0.35,0.25,0.0,0.25,1.0,0.25,8,8,4,True,conv-26,ablation_1
mem0,mem0+HindsightTag,True,3,21600.0,3024000.0,0.7,0.1,0.5,14400.0,0.1,1.0,0.35,0.25,0.0,0.25,1.0,0.25,8,8,4,True,conv-26,ablation_2
mem0,mem0+HindsightTag,True,3,21600.0,3024000.0,0.7,0.1,0.75,14400.0,0.1,1.0,0.35,0.25,0.0,0.25,1.0,0.25,8,8,4,True,conv-26,ablation_3
mem0,mem0+HindsightTag,True,3,21600.0,3024000.0,0.7,0.1,1.0,14400.0,0.1,1.0,0.35,0.25,0.0,0.25,1.0,0.125,8,8,4,True,conv-26,ablation_4
vector_store,vector_store,False,3,21600.0,3024000.0,0.7,0.1,0.0,14400.0,0.1,1.0,0.35,0.5,0.75,-0.25,,0.875,8,8,0,,conv-26,baseline
vector_store,vector_store+HindsightTag,True,3,21600.0,3024000.0,0.7,0.1,0.0,14400.0,0.1,1.0,0.35,0.5,0.75,-0.25,1.0,0.875,8,8,4,,conv-26,ablation_0
vector_store,vector_store+HindsightTag,True,3,21600.0,3024000.0,0.7,0.1,0.25,14400.0,0.1,1.0,0.35,0.5,0.75,-0.25,1.0,0.875,8,8,4,,conv-26,ablation_1
vector_store,vector_store+HindsightTag,True,3,21600.0,3024000.0,0.7,0.1,0.5,14400.0,0.1,1.0,0.35,0.5,0.75,-0.25,1.0,0.875,8,8,4,,conv-26,ablation_2
vector_store,vector_store+HindsightTag,True,3,21600.0,3024000.0,0.7,0.1,0.75,14400.0,0.1,1.0,0.35,0.5,0.75,-0.25,1.0,0.875,8,8,4,,conv-26,ablation_3
vector_store,vector_store+HindsightTag,True,3,21600.0,3024000.0,0.7,0.1,1.0,14400.0,0.1,1.0,0.35,0.5,0.75,-0.25,1.0,0.875,8,8,4,,conv-26,ablation_4
mem0,mem0,False,4,21600.0,3024000.0,0.7,0.1,0.0,14400.0,0.1,1.0,0.35,0.0,0.0,0.0,,0.0,8,8,0,True,conv-26,baseline
mem0,mem0+HindsightTag,True,4,21600.0,3024000.0,0.7,0.1,0.0,14400.0,0.1,1.0,0.35,0.25,0.0,0.25,1.0,0.25,8,8,4,True,conv-26,ablation_0
mem0,mem0+HindsightTag,True,4,21600.0,3024000.0,0.7,0.1,0.25,14400.0,0.1,1.0,0.35,0.25,0.0,0.25,1.0,0.25,8,8,4,True,conv-26,ablation_1
mem0,mem0+HindsightTag,True,4,21600.0,3024000.0,0.7,0.1,0.5,14400.0,0.1,1.0,0.35,0.25,0.0,0.25,1.0,0.25,8,8,4,True,conv-26,ablation_2
mem0,mem0+HindsightTag,True,4,21600.0,3024000.0,0.7,0.1,0.75,14400.0,0.1,1.0,0.35,0.25,0.0,0.25,1.0,0.25,8,8,4,True,conv-26,ablation_3
mem0,mem0+HindsightTag,True,4,21600.0,3024000.0,0.7,0.1,1.0,14400.0,0.1,1.0,0.35,0.25,0.0,0.25,1.0,0.25,8,8,4,True,conv-26,ablation_4
vector_store,vector_store,False,4,21600.0,3024000.0,0.7,0.1,0.0,14400.0,0.1,1.0,0.35,0.75,1.0,-0.25,,1.0,8,8,0,,conv-26,baseline
vector_store,vector_store+HindsightTag,True,4,21600.0,3024000.0,0.7,0.1,0.0,14400.0,0.1,1.0,0.35,0.75,1.0,-0.25,1.0,1.0,8,8,4,,conv-26,ablation_0
vector_store,vector_store+HindsightTag,True,4,21600.0,3024000.0,0.7,0.1,0.25,14400.0,0.1,1.0,0.35,0.75,1.0,-0.25,1.0,1.0,8,8,4,,conv-26,ablation_1
vector_store,vector_store+HindsightTag,True,4,21600.0,3024000.0,0.7,0.1,0.5,14400.0,0.1,1.0,0.35,0.75,1.0,-0.25,1.0,1.0,8,8,4,,conv-26,ablation_2
vector_store,vector_store+HindsightTag,True,4,21600.0,3024000.0,0.7,0.1,0.75,14400.0,0.1,1.0,0.35,0.75,1.0,-0.25,1.0,1.0,8,8,4,,conv-26,ablation_3
vector_store,vector_store+HindsightTag,True,4,21600.0,3024000.0,0.7,0.1,1.0,14400.0,0.1,1.0,0.35,0.75,1.0,-0.25,1.0,1.0,8,8,4,,conv-26,ablation_4
mem0,mem0,False,0,21600.0,3024000.0,0.7,0.1,0.0,14400.0,0.1,1.0,0.35,0.0,0.0,0.0,,0.0,8,8,0,True,conv-30,baseline
mem0,mem0+HindsightTag,True,0,21600.0,3024000.0,0.7,0.1,0.0,14400.0,0.1,1.0,0.35,0.25,0.0,0.25,1.0,0.25,8,8,4,True,conv-30,ablation_0
mem0,mem0+HindsightTag,True,0,21600.0,3024000.0,0.7,0.1,0.25,14400.0,0.1,1.0,0.35,0.25,0.0,0.25,1.0,0.25,8,8,4,True,conv-30,ablation_1
mem0,mem0+HindsightTag,True,0,21600.0,3024000.0,0.7,0.1,0.5,14400.0,0.1,1.0,0.35,0.25,0.0,0.25,1.0,0.25,8,8,4,True,conv-30,ablation_2
mem0,mem0+HindsightTag,True,0,21600.0,3024000.0,0.7,0.1,0.75,14400.0,0.1,1.0,0.35,0.25,0.0,0.25,1.0,0.25,8,8,4,True,conv-30,ablation_3
mem0,mem0+HindsightTag,True,0,21600.0,3024000.0,0.7,0.1,1.0,14400.0,0.1,1.0,0.35,0.25,0.0,0.25,1.0,0.25,8,8,4,True,conv-30,ablation_4
vector_store,vector_store,False,0,21600.0,3024000.0,0.7,0.1,0.0,14400.0,0.1,1.0,0.35,0.75,1.0,-0.25,,0.625,8,8,0,,conv-30,baseline
vector_store,vector_store+HindsightTag,True,0,21600.0,3024000.0,0.7,0.1,0.0,14400.0,0.1,1.0,0.35,0.75,1.0,-0.25,1.0,0.625,8,8,4,,conv-30,ablation_0
vector_store,vector_store+HindsightTag,True,0,21600.0,3024000.0,0.7,0.1,0.25,14400.0,0.1,1.0,0.35,0.75,1.0,-0.25,1.0,0.625,8,8,4,,conv-30,ablation_1
vector_store,vector_store+HindsightTag,True,0,21600.0,3024000.0,0.7,0.1,0.5,14400.0,0.1,1.0,0.35,0.75,1.0,-0.25,1.0,0.625,8,8,4,,conv-30,ablation_2
vector_store,vector_store+HindsightTag,True,0,21600.0,3024000.0,0.7,0.1,0.75,14400.0,0.1,1.0,0.35,0.75,1.0,-0.25,1.0,0.625,8,8,4,,conv-30,ablation_3
vector_store,vector_store+HindsightTag,True,0,21600.0,3024000.0,0.7,0.1,1.0,14400.0,0.1,1.0,0.35,0.75,1.0,-0.25,1.0,0.625,8,8,4,,conv-30,ablation_4
mem0,mem0,False,1,21600.0,3024000.0,0.7,0.1,0.0,14400.0,0.1,1.0,0.35,0.0,0.0,0.0,,0.0,8,8,0,True,conv-30,baseline
mem0,mem0+HindsightTag,True,1,21600.0,3024000.0,0.7,0.1,0.0,14400.0,0.1,1.0,0.35,0.125,0.0,0.125,1.0,0.125,8,8,4,True,conv-30,ablation_0
mem0,mem0+HindsightTag,True,1,21600.0,3024000.0,0.7,0.1,0.25,14400.0,0.1,1.0,0.35,0.125,0.0,0.125,1.0,0.125,8,8,4,True,conv-30,ablation_1
mem0,mem0+HindsightTag,True,1,21600.0,3024000.0,0.7,0.1,0.5,14400.0,0.1,1.0,0.35,0.125,0.0,0.125,1.0,0.125,8,8,4,True,conv-30,ablation_2
mem0,mem0+HindsightTag,True,1,21600.0,3024000.0,0.7,0.1,0.75,14400.0,0.1,1.0,0.35,0.125,0.0,0.125,1.0,0.125,8,8,4,True,conv-30,ablation_3
mem0,mem0+HindsightTag,True,1,21600.0,3024000.0,0.7,0.1,1.0,14400.0,0.1,1.0,0.35,0.125,0.0,0.125,1.0,0.125,8,8,4,True,conv-30,ablation_4
vector_store,vector_store,False,1,21600.0,3024000.0,0.7,0.1,0.0,14400.0,0.1,1.0,0.35,0.75,0.625,0.125,,0.75,8,8,0,,conv-30,baseline
vector_store,vector_store+HindsightTag,True,1,21600.0,3024000.0,0.7,0.1,0.0,14400.0,0.1,1.0,0.35,0.75,0.625,0.125,1.0,0.75,8,8,4,,conv-30,ablation_0
vector_store,vector_store+HindsightTag,True,1,21600.0,3024000.0,0.7,0.1,0.25,14400.0,0.1,1.0,0.35,0.75,0.625,0.125,1.0,0.75,8,8,4,,conv-30,ablation_1
vector_store,vector_store+HindsightTag,True,1,21600.0,3024000.0,0.7,0.1,0.5,14400.0,0.1,1.0,0.35,0.75,0.625,0.125,1.0,0.75,8,8,4,,conv-30,ablation_2
vector_store,vector_store+HindsightTag,True,1,21600.0,3024000.0,0.7,0.1,0.75,14400.0,0.1,1.0,0.35,0.75,0.625,0.125,1.0,0.75,8,8,4,,conv-30,ablation_3
vector_store,vector_store+HindsightTag,True,1,21600.0,3024000.0,0.7,0.1,1.0,14400.0,0.1,1.0,0.35,0.75,0.625,0.125,1.0,0.75,8,8,4,,conv-30,ablation_4
mem0,mem0,False,2,21600.0,3024000.0,0.7,0.1,0.0,14400.0,0.1,1.0,0.35,0.0,0.0,0.0,,0.0,8,8,0,True,conv-30,baseline
mem0,mem0+HindsightTag,True,2,21600.0,3024000.0,0.7,0.1,0.0,14400.0,0.1,1.0,0.35,0.25,0.0,0.25,1.0,0.25,8,8,4,True,conv-30,ablation_0
mem0,mem0+HindsightTag,True,2,21600.0,3024000.0,0.7,0.1,0.25,14400.0,0.1,1.0,0.35,0.25,0.0,0.25,1.0,0.25,8,8,4,True,conv-30,ablation_1
mem0,mem0+HindsightTag,True,2,21600.0,3024000.0,0.7,0.1,0.5,14400.0,0.1,1.0,0.35,0.25,0.0,0.25,1.0,0.25,8,8,4,True,conv-30,ablation_2
mem0,mem0+HindsightTag,True,2,21600.0,3024000.0,0.7,0.1,0.75,14400.0,0.1,1.0,0.35,0.25,0.0,0.25,1.0,0.25,8,8,4,True,conv-30,ablation_3
mem0,mem0+HindsightTag,True,2,21600.0,3024000.0,0.7,0.1,1.0,14400.0,0.1,1.0,0.35,0.25,0.0,0.25,1.0,0.125,8,8,4,True,conv-30,ablation_4
vector_store,vector_store,False,2,21600.0,3024000.0,0.7,0.1,0.0,14400.0,0.1,1.0,0.35,0.5,0.75,-0.25,,0.875,8,8,0,,conv-30,baseline
vector_store,vector_store+HindsightTag,True,2,21600.0,3024000.0,0.7,0.1,0.0,14400.0,0.1,1.0,0.35,0.5,0.75,-0.25,1.0,0.875,8,8,4,,conv-30,ablation_0
vector_store,vector_store+HindsightTag,True,2,21600.0,3024000.0,0.7,0.1,0.25,14400.0,0.1,1.0,0.35,0.5,0.75,-0.25,1.0,0.875,8,8,4,,conv-30,ablation_1
vector_store,vector_store+HindsightTag,True,2,21600.0,3024000.0,0.7,0.1,0.5,14400.0,0.1,1.0,0.35,0.5,0.75,-0.25,1.0,0.875,8,8,4,,conv-30,ablation_2
vector_store,vector_store+HindsightTag,True,2,21600.0,3024000.0,0.7,0.1,0.75,14400.0,0.1,1.0,0.35,0.5,0.75,-0.25,1.0,0.875,8,8,4,,conv-30,ablation_3
vector_store,vector_store+HindsightTag,True,2,21600.0,3024000.0,0.7,0.1,1.0,14400.0,0.1,1.0,0.35,0.5,0.75,-0.25,1.0,0.875,8,8,4,,conv-30,ablation_4
mem0,mem0,False,3,21600.0,3024000.0,0.7,0.1,0.0,14400.0,0.1,1.0,0.35,0.0,0.0,0.0,,0.0,8,8,0,True,conv-30,baseline
mem0,mem0+HindsightTag,True,3,21600.0,3024000.0,0.7,0.1,0.0,14400.0,0.1,1.0,0.35,0.25,0.0,0.25,1.0,0.25,8,8,4,True,conv-30,ablation_0
mem0,mem0+HindsightTag,True,3,21600.0,3024000.0,0.7,0.1,0.25,14400.0,0.1,1.0,0.35,0.25,0.0,0.25,1.0,0.25,8,8,4,True,conv-30,ablation_1
mem0,mem0+HindsightTag,True,3,21600.0,3024000.0,0.7,0.1,0.5,14400.0,0.1,1.0,0.35,0.25,0.0,0.25,1.0,0.25,8,8,4,True,conv-30,ablation_2
mem0,mem0+HindsightTag,True,3,21600.0,3024000.0,0.7,0.1,0.75,14400.0,0.1,1.0,0.35,0.25,0.0,0.25,1.0,0.25,8,8,4,True,conv-30,ablation_3
mem0,mem0+HindsightTag,True,3,21600.0,3024000.0,0.7,0.1,1.0,14400.0,0.1,1.0,0.35,0.25,0.0,0.25,1.0,0.25,8,8,4,True,conv-30,ablation_4
vector_store,vector_store,False,3,21600.0,3024000.0,0.7,0.1,0.0,14400.0,0.1,1.0,0.35,0.75,1.0,-0.25,,1.0,8,8,0,,conv-30,baseline
vector_store,vector_store+HindsightTag,True,3,21600.0,3024000.0,0.7,0.1,0.0,14400.0,0.1,1.0,0.35,0.75,1.0,-0.25,1.0,1.0,8,8,4,,conv-30,ablation_0
vector_store,vector_store+HindsightTag,True,3,21600.0,3024000.0,0.7,0.1,0.25,14400.0,0.1,1.0,0.35,0.75,1.0,-0.25,1.0,1.0,8,8,4,,conv-30,ablation_1
vector_store,vector_store+HindsightTag,True,3,21600.0,3024000.0,0.7,0.1,0.5,14400.0,0.1,1.0,0.35,0.75,1.0,-0.25,1.0,1.0,8,8,4,,conv-30,ablation_2
vector_store,vector_store+HindsightTag,True,3,21600.0,3024000.0,0.7,0.1,0.75,14400.0,0.1,1.0,0.35,0.75,1.0,-0.25,1.0,1.0,8,8,4,,conv-30,ablation_3
vector_store,vector_store+HindsightTag,True,3,21600.0,3024000.0,0.7,0.1,1.0,14400.0,0.1,1.0,0.35,0.75,1.0,-0.25,1.0,1.0,8,8,4,,conv-30,ablation_4
mem0,mem0,False,4,21600.0,3024000.0,0.7,0.1,0.0,14400.0,0.1,1.0,0.35,0.0,0.0,0.0,,0.0,8,8,0,True,conv-30,baseline
mem0,mem0+HindsightTag,True,4,21600.0,3024000.0,0.7,0.1,0.0,14400.0,0.1,1.0,0.35,0.25,0.0,0.25,1.0,0.125,8,8,4,True,conv-30,ablation_0
mem0,mem0+HindsightTag,True,4,21600.0,3024000.0,0.7,0.1,0.25,14400.0,0.1,1.0,0.35,0.25,0.0,0.25,1.0,0.125,8,8,4,True,conv-30,ablation_1
mem0,mem0+HindsightTag,True,4,21600.0,3024000.0,0.7,0.1,0.5,14400.0,0.1,1.0,0.35,0.25,0.0,0.25,1.0,0.125,8,8,4,True,conv-30,ablation_2
mem0,mem0+HindsightTag,True,4,21600.0,3024000.0,0.7,0.1,0.75,14400.0,0.1,1.0,0.35,0.25,0.0,0.25,1.0,0.125,8,8,4,True,conv-30,ablation_3
mem0,mem0+HindsightTag,True,4,21600.0,3024000.0,0.7,0.1,1.0,14400.0,0.1,1.0,0.35,0.25,0.0,0.25,1.0,0.125,8,8,4,True,conv-30,ablation_4
vector_store,vector_store,False,4,21600.0,3024000.0,0.7,0.1,0.0,14400.0,0.1,1.0,0.35,0.75,0.75,0.0,,0.875,8,8,0,,conv-30,baseline
vector_store,vector_store+HindsightTag,True,4,21600.0,3024000.0,0.7,0.1,0.0,14400.0,0.1,1.0,0.35,0.75,0.75,0.0,1.0,0.875,8,8,4,,conv-30,ablation_0
vector_store,vector_store+HindsightTag,True,4,21600.0,3024000.0,0.7,0.1,0.25,14400.0,0.1,1.0,0.35,0.75,0.75,0.0,1.0,0.875,8,8,4,,conv-30,ablation_1
vector_store,vector_store+HindsightTag,True,4,21600.0,3024000.0,0.7,0.1,0.5,14400.0,0.1,1.0,0.35,0.75,0.75,0.0,1.0,0.875,8,8,4,,conv-30,ablation_2
vector_store,vector_store+HindsightTag,True,4,21600.0,3024000.0,0.7,0.1,0.75,14400.0,0.1,1.0,0.35,0.75,0.75,0.0,1.0,0.875,8,8,4,,conv-30,ablation_3
vector_store,vector_store+HindsightTag,True,4,21600.0,3024000.0,0.7,0.1,1.0,14400.0,0.1,1.0,0.35,0.75,0.75,0.0,1.0,0.875,8,8,4,,conv-30,ablation_4
mem0,mem0,False,0,21600.0,3024000.0,0.7,0.1,0.0,14400.0,0.1,1.0,0.35,0.0,0.0,0.0,,0.0,8,8,0,True,conv-41,baseline
mem0,mem0+HindsightTag,True,0,21600.0,3024000.0,0.7,0.1,0.0,14400.0,0.1,1.0,0.35,0.125,0.0,0.125,1.0,0.375,8,8,4,True,conv-41,ablation_0
mem0,mem0+HindsightTag,True,0,21600.0,3024000.0,0.7,0.1,0.25,14400.0,0.1,1.0,0.35,0.125,0.0,0.125,1.0,0.25,8,8,4,True,conv-41,ablation_1
mem0,mem0+HindsightTag,True,0,21600.0,3024000.0,0.7,0.1,0.5,14400.0,0.1,1.0,0.35,0.125,0.0,0.125,1.0,0.25,8,8,4,True,conv-41,ablation_2
mem0,mem0+HindsightTag,True,0,21600.0,3024000.0,0.7,0.1,0.75,14400.0,0.1,1.0,0.35,0.125,0.0,0.125,1.0,0.125,8,8,4,True,conv-41,ablation_3
mem0,mem0+HindsightTag,True,0,21600.0,3024000.0,0.7,0.1,1.0,14400.0,0.1,1.0,0.35,0.125,0.0,0.125,1.0,0.125,8,8,4,True,conv-41,ablation_4
vector_store,vector_store,False,0,21600.0,3024000.0,0.7,0.1,0.0,14400.0,0.1,1.0,0.35,0.75,0.625,0.125,,0.75,8,8,0,,conv-41,baseline
vector_store,vector_store+HindsightTag,True,0,21600.0,3024000.0,0.7,0.1,0.0,14400.0,0.1,1.0,0.35,0.75,0.625,0.125,1.0,0.75,8,8,4,,conv-41,ablation_0
vector_store,vector_store+HindsightTag,True,0,21600.0,3024000.0,0.7,0.1,0.25,14400.0,0.1,1.0,0.35,0.75,0.625,0.125,1.0,0.75,8,8,4,,conv-41,ablation_1
vector_store,vector_store+HindsightTag,True,0,21600.0,3024000.0,0.7,0.1,0.5,14400.0,0.1,1.0,0.35,0.75,0.625,0.125,1.0,0.75,8,8,4,,conv-41,ablation_2
vector_store,vector_store+HindsightTag,True,0,21600.0,3024000.0,0.7,0.1,0.75,14400.0,0.1,1.0,0.35,0.75,0.625,0.125,1.0,0.75,8,8,4,,conv-41,ablation_3
vector_store,vector_store+HindsightTag,True,0,21600.0,3024000.0,0.7,0.1,1.0,14400.0,0.1,1.0,0.35,0.75,0.625,0.125,1.0,0.75,8,8,4,,conv-41,ablation_4
mem0,mem0,False,1,21600.0,3024000.0,0.7,0.1,0.0,14400.0,0.1,1.0,0.35,0.0,0.0,0.0,,0.0,8,8,0,True,conv-41,baseline
mem0,mem0+HindsightTag,True,1,21600.0,3024000.0,0.7,0.1,0.0,14400.0,0.1,1.0,0.35,0.25,0.0,0.25,1.0,0.25,8,8,4,True,conv-41,ablation_0
mem0,mem0+HindsightTag,True,1,21600.0,3024000.0,0.7,0.1,0.25,14400.0,0.1,1.0,0.35,0.25,0.0,0.25,1.0,0.25,8,8,4,True,conv-41,ablation_1
mem0,mem0+HindsightTag,True,1,21600.0,3024000.0,0.7,0.1,0.5,14400.0,0.1,1.0,0.35,0.25,0.0,0.25,1.0,0.25,8,8,4,True,conv-41,ablation_2
mem0,mem0+HindsightTag,True,1,21600.0,3024000.0,0.7,0.1,0.75,14400.0,0.1,1.0,0.35,0.25,0.0,0.25,1.0,0.25,8,8,4,True,conv-41,ablation_3
mem0,mem0+HindsightTag,True,1,21600.0,3024000.0,0.7,0.1,1.0,14400.0,0.1,1.0,0.35,0.25,0.0,0.25,1.0,0.125,8,8,4,True,conv-41,ablation_4
vector_store,vector_store,False,1,21600.0,3024000.0,0.7,0.1,0.0,14400.0,0.1,1.0,0.35,0.5,0.75,-0.25,,0.875,8,8,0,,conv-41,baseline
vector_store,vector_store+HindsightTag,True,1,21600.0,3024000.0,0.7,0.1,0.0,14400.0,0.1,1.0,0.35,0.5,0.75,-0.25,1.0,0.875,8,8,4,,conv-41,ablation_0
vector_store,vector_store+HindsightTag,True,1,21600.0,3024000.0,0.7,0.1,0.25,14400.0,0.1,1.0,0.35,0.5,0.75,-0.25,1.0,0.875,8,8,4,,conv-41,ablation_1
vector_store,vector_store+HindsightTag,True,1,21600.0,3024000.0,0.7,0.1,0.5,14400.0,0.1,1.0,0.35,0.5,0.75,-0.25,1.0,0.875,8,8,4,,conv-41,ablation_2
vector_store,vector_store+HindsightTag,True,1,21600.0,3024000.0,0.7,0.1,0.75,14400.0,0.1,1.0,0.35,0.5,0.75,-0.25,1.0,0.875,8,8,4,,conv-41,ablation_3
vector_store,vector_store+HindsightTag,True,1,21600.0,3024000.0,0.7,0.1,1.0,14400.0,0.1,1.0,0.35,0.5,0.75,-0.25,1.0,0.875,8,8,4,,conv-41,ablation_4
mem0,mem0,False,2,21600.0,3024000.0,0.7,0.1,0.0,14400.0,0.1,1.0,0.35,0.0,0.0,0.0,,0.0,8,8,0,True,conv-41,baseline
mem0,mem0+HindsightTag,True,2,21600.0,3024000.0,0.7,0.1,0.0,14400.0,0.1,1.0,0.35,0.375,0.0,0.375,1.0,0.25,8,8,4,True,conv-41,ablation_0
mem0,mem0+HindsightTag,True,2,21600.0,3024000.0,0.7,0.1,0.25,14400.0,0.1,1.0,0.35,0.375,0.0,0.375,1.0,0.25,8,8,4,True,conv-41,ablation_1
mem0,mem0+HindsightTag,True,2,21600.0,3024000.0,0.7,0.1,0.5,14400.0,0.1,1.0,0.35,0.25,0.0,0.25,1.0,0.25,8,8,4,True,conv-41,ablation_2
mem0,mem0+HindsightTag,True,2,21600.0,3024000.0,0.7,0.1,0.75,14400.0,0.1,1.0,0.35,0.25,0.0,0.25,1.0,0.25,8,8,4,True,conv-41,ablation_3
mem0,mem0+HindsightTag,True,2,21600.0,3024000.0,0.7,0.1,1.0,14400.0,0.1,1.0,0.35,0.25,0.0,0.25,1.0,0.25,8,8,4,True,conv-41,ablation_4
vector_store,vector_store,False,2,21600.0,3024000.0,0.7,0.1,0.0,14400.0,0.1,1.0,0.35,0.75,1.0,-0.25,,1.0,8,8,0,,conv-41,baseline
vector_store,vector_store+HindsightTag,True,2,21600.0,3024000.0,0.7,0.1,0.0,14400.0,0.1,1.0,0.35,0.75,1.0,-0.25,1.0,1.0,8,8,4,,conv-41,ablation_0
vector_store,vector_store+HindsightTag,True,2,21600.0,3024000.0,0.7,0.1,0.25,14400.0,0.1,1.0,0.35,0.75,1.0,-0.25,1.0,1.0,8,8,4,,conv-41,ablation_1
vector_store,vector_store+HindsightTag,True,2,21600.0,3024000.0,0.7,0.1,0.5,14400.0,0.1,1.0,0.35,0.75,1.0,-0.25,1.0,1.0,8,8,4,,conv-41,ablation_2
vector_store,vector_store+HindsightTag,True,2,21600.0,3024000.0,0.7,0.1,0.75,14400.0,0.1,1.0,0.35,0.75,1.0,-0.25,1.0,1.0,8,8,4,,conv-41,ablation_3
vector_store,vector_store+HindsightTag,True,2,21600.0,3024000.0,0.7,0.1,1.0,14400.0,0.1,1.0,0.35,0.75,1.0,-0.25,1.0,1.0,8,8,4,,conv-41,ablation_4
mem0,mem0,False,3,21600.0,3024000.0,0.7,0.1,0.0,14400.0,0.1,1.0,0.35,0.0,0.0,0.0,,0.0,8,8,0,True,conv-41,baseline
mem0,mem0+HindsightTag,True,3,21600.0,3024000.0,0.7,0.1,0.0,14400.0,0.1,1.0,0.35,0.25,0.0,0.25,1.0,0.125,8,8,4,True,conv-41,ablation_0
mem0,mem0+HindsightTag,True,3,21600.0,3024000.0,0.7,0.1,0.25,14400.0,0.1,1.0,0.35,0.25,0.0,0.25,1.0,0.125,8,8,4,True,conv-41,ablation_1
mem0,mem0+HindsightTag,True,3,21600.0,3024000.0,0.7,0.1,0.5,14400.0,0.1,1.0,0.35,0.125,0.0,0.125,1.0,0.125,8,8,4,True,conv-41,ablation_2
mem0,mem0+HindsightTag,True,3,21600.0,3024000.0,0.7,0.1,0.75,14400.0,0.1,1.0,0.35,0.125,0.0,0.125,1.0,0.125,8,8,4,True,conv-41,ablation_3
mem0,mem0+HindsightTag,True,3,21600.0,3024000.0,0.7,0.1,1.0,14400.0,0.1,1.0,0.35,0.125,0.0,0.125,1.0,0.125,8,8,4,True,conv-41,ablation_4
vector_store,vector_store,False,3,21600.0,3024000.0,0.7,0.1,0.0,14400.0,0.1,1.0,0.35,0.75,0.75,0.0,,0.875,8,8,0,,conv-41,baseline
vector_store,vector_store+HindsightTag,True,3,21600.0,3024000.0,0.7,0.1,0.0,14400.0,0.1,1.0,0.35,0.75,0.75,0.0,1.0,0.875,8,8,4,,conv-41,ablation_0
vector_store,vector_store+HindsightTag,True,3,21600.0,3024000.0,0.7,0.1,0.25,14400.0,0.1,1.0,0.35,0.75,0.75,0.0,1.0,0.875,8,8,4,,conv-41,ablation_1
vector_store,vector_store+HindsightTag,True,3,21600.0,3024000.0,0.7,0.1,0.5,14400.0,0.1,1.0,0.35,0.75,0.75,0.0,1.0,0.875,8,8,4,,conv-41,ablation_2
vector_store,vector_store+HindsightTag,True,3,21600.0,3024000.0,0.7,0.1,0.75,14400.0,0.1,1.0,0.35,0.75,0.75,0.0,1.0,0.875,8,8,4,,conv-41,ablation_3
vector_store,vector_store+HindsightTag,True,3,21600.0,3024000.0,0.7,0.1,1.0,14400.0,0.1,1.0,0.35,0.75,0.75,0.0,1.0,0.875,8,8,4,,conv-41,ablation_4
mem0,mem0,False,4,21600.0,3024000.0,0.7,0.1,0.0,14400.0,0.1,1.0,0.35,0.0,0.0,0.0,,0.0,8,8,0,True,conv-41,baseline
mem0,mem0+HindsightTag,True,4,21600.0,3024000.0,0.7,0.1,0.0,14400.0,0.1,1.0,0.35,0.25,0.0,0.25,1.0,0.25,8,8,4,True,conv-41,ablation_0
mem0,mem0+HindsightTag,True,4,21600.0,3024000.0,0.7,0.1,0.25,14400.0,0.1,1.0,0.35,0.25,0.0,0.25,1.0,0.25,8,8,4,True,conv-41,ablation_1
mem0,mem0+HindsightTag,True,4,21600.0,3024000.0,0.7,0.1,0.5,14400.0,0.1,1.0,0.35,0.25,0.0,0.25,1.0,0.25,8,8,4,True,conv-41,ablation_2
mem0,mem0+HindsightTag,True,4,21600.0,3024000.0,0.7,0.1,0.75,14400.0,0.1,1.0,0.35,0.25,0.0,0.25,1.0,0.25,8,8,4,True,conv-41,ablation_3
mem0,mem0+HindsightTag,True,4,21600.0,3024000.0,0.7,0.1,1.0,14400.0,0.1,1.0,0.35,0.25,0.0,0.25,1.0,0.125,8,8,4,True,conv-41,ablation_4
vector_store,vector_store,False,4,21600.0,3024000.0,0.7,0.1,0.0,14400.0,0.1,1.0,0.35,1.0,0.75,0.25,,1.0,8,8,0,,conv-41,baseline
vector_store,vector_store+HindsightTag,True,4,21600.0,3024000.0,0.7,0.1,0.0,14400.0,0.1,1.0,0.35,1.0,0.75,0.25,1.0,1.0,8,8,4,,conv-41,ablation_0
vector_store,vector_store+HindsightTag,True,4,21600.0,3024000.0,0.7,0.1,0.25,14400.0,0.1,1.0,0.35,1.0,0.75,0.25,1.0,1.0,8,8,4,,conv-41,ablation_1
vector_store,vector_store+HindsightTag,True,4,21600.0,3024000.0,0.7,0.1,0.5,14400.0,0.1,1.0,0.35,1.0,0.75,0.25,1.0,1.0,8,8,4,,conv-41,ablation_2
vector_store,vector_store+HindsightTag,True,4,21600.0,3024000.0,0.7,0.1,0.75,14400.0,0.1,1.0,0.35,1.0,0.75,0.25,1.0,1.0,8,8,4,,conv-41,ablation_3
vector_store,vector_store+HindsightTag,True,4,21600.0,3024000.0,0.7,0.1,1.0,14400.0,0.1,1.0,0.35,1.0,0.75,0.25,1.0,1.0,8,8,4,,conv-41,ablation_4
